[{"Z:\\wzb\\code\\mt6735_5.1\\mt6735\\customfiles\\6735M_65U_V2_FWVGA_PCD_DR\\alps\\packages\\apps\\Launcher3\\res\\xml\\default_workspace_4x4.xml": "ASCII"}, {"D:\\androiddev\\Sublime Text Build 3103 x64\\Data\\Packages\\User\\Preferences.sublime-settings": "ASCII"}, {"Z:\\wzb\\code\\tool\\whatsapp\\chat-api\\examples\\contactsync.php": "ASCII"}, {"Z:\\wzb\\code\\tool\\whatsapp\\chat-api\\examples\\exampleFunctional.php": "ASCII"}, {"Z:\\wzb\\code\\tool\\a.c": "ASCII"}, {"Z:\\wzb\\code\\mt6735_5.1\\mt6735\\alps\\out\\target\\product\\huay6735m_65u_b_l1\\system\\build.prop": "ASCII"}, {"Z:\\wzb\\code\\mt6735_5.1\\mt6735\\customfiles\\6735M_65U_V2_FWVGA_PCD.mk": "ASCII"}, {"Z:\\wzb\\code\\mt6735_5.1\\mt6735\\alps\\luwl_build.sh": "ASCII"}, {"Z:\\wzb\\code\\mt6735_5.1\\mt6735\\customfiles\\6735M_65U_V2_FWVGA_PCD_DR\\alps\\vendor\\mediatek\\proprietary\\frameworks\\base\\telephony\\etc\\apns-conf.xml": "UTF-8"}, {"Z:\\wzb\\code\\mt6735_5.1\\mt6735\\alps\\vendor\\mediatek\\proprietary\\binary\\3rd-party\\free\\app_v2_pcd_dr\\app.mk": "ASCII"}, {"Z:\\wzb\\code\\mt6735_5.1\\mt6735\\alps\\vendor\\mediatek\\proprietary\\binary\\3rd-party\\free\\app_v2_pcd_dr\\Contenedor_Claro_dr\\Android.mk": "ASCII"}, {"Z:\\wzb\\code\\mt6735_5.1\\mt6735\\alps\\vendor\\mediatek\\proprietary\\binary\\3rd-party\\free\\app_v2_pcd_dr\\Claro_Video_dr\\Android.mk": "ASCII"}, {"\\\\120.24.36.177\\www\\fota\\getLocation.php": "ASCII"}, {"\\\\120.24.36.177\\www\\fota\\get_bp_demo.php": "ASCII"}, {"Z:\\wzb\\code\\mt6735_5.1\\mt6735\\alps\\vendor\\mediatek\\proprietary\\binary\\3rd-party\\free\\app_v2_pcd_dr\\Claro_Music_dr\\Android.mk": "ASCII"}, {"Z:\\wzb\\code\\mt6735_5.1\\mt6735\\alps\\vendor\\mediatek\\proprietary\\binary\\3rd-party\\free\\app_v2_pcd_dr\\Claro_Juegos_dr\\Android.mk": "ASCII"}, {"Z:\\wzb\\code\\mt6735_5.1\\mt6735\\alps\\vendor\\mediatek\\proprietary\\binary\\3rd-party\\free\\app_v2_pcd_dr\\Claro_Apps_dr\\Android.mk": "ASCII"}, {"Z:\\wzb\\code\\mt6735_5.1\\mt6735\\customfiles\\6735M_65U_V2_FWVGA_PCD_DR.mk": "ASCII"}, {"Z:\\wzb\\code\\mt6735_5.1\\mt6735\\customfiles\\6735M_65U_V2_FWVGA_PCD_DR\\alps\\vendor\\mediatek\\proprietary\\external\\EccList\\ecc_list.xml": "ASCII"}, {"Z:\\wzb\\code\\mt6735_5.1\\mt6735\\customfiles\\6735M_65U_V2_FWVGA_PCD_PR.mk": "ASCII"}, {"Z:\\wzb\\code\\mt6735_5.1\\mt6735\\alps\\frameworks\\base\\data\\sounds\\AllAudio.mk": "ASCII"}, {"Z:\\wzb\\code\\mt6735_5.1\\mt6735\\alps\\frameworks\\base\\packages\\SystemUI\\AndroidManifest.xml": "ASCII"}, {"Z:\\wzb\\code\\mt6735_5.1\\mt6735\\alps\\vendor\\mediatek\\proprietary\\packages\\apps\\FileManager\\src\\com\\mediatek\\filemanager\\FileManagerOperationActivity.java": "ASCII"}, {"Z:\\wzb\\code\\mt6735_5.1\\mt6735\\alps\\vendor\\mediatek\\proprietary\\packages\\apps\\FileManager\\AndroidManifest.xml": "ASCII"}, {"Z:\\wzb\\code\\mt6735_5.1\\mt6735\\alps\\frameworks\\base\\policy\\src\\com\\android\\internal\\policy\\impl\\PhoneWindowManager.java": "ASCII"}, {"Z:\\wzb\\code\\mt6735_5.1\\mt6735\\alps\\frameworks\\base\\packages\\SystemUI\\src\\com\\android\\systemui\\myservice\\ShutdownandBootTimeReceiver.java": "ASCII"}, {"Z:\\wzb\\code\\mt6735_5.1\\mt6735\\alps\\bin\\mota\\v2-pcd-pr\\MT6735m_FWVGA_CLARO_PCD_PL5001_PR_V01__1461313195_1936\\copy_fota.sh": "ASCII"}, {"\\\\120.24.36.177\\www\\wang\\GatewayWorker-master\\Applications\\YourApp\\Events.php": "UTF-8"}, {"\\\\120.24.36.177\\www\\wang\\GatewayWorker-master\\Applications\\YourApp\\start_businessworker.php": "UTF-8"}, {"\\\\120.24.36.177\\www\\wang\\GatewayWorker-master\\Applications\\YourApp\\start_register.php": "UTF-8"}, {"\\\\120.24.36.177\\www\\wang\\GatewayWorker-master\\Applications\\YourApp\\start_gateway.php": "UTF-8"}, {"\\\\120.24.36.177\\www\\wang\\GatewayWorker-master\\start.php": "UTF-8"}, {"\\\\120.24.36.177\\www\\wang\\GatewayWorker-master\\.gitignore": "ASCII"}, {"Z:\\wzb\\code\\mt6735_5.1\\3_mt6735\\mt6735\\alps\\packages\\apps\\Launcher3\\res\\xml\\default_workspace_4x4.xml": "ASCII"}, {"Z:\\wzb\\code\\mt6735_5.1\\mt6735\\alps\\bin\\mota\\v2-pcd-pr\\MT6735m_FWVGA_CLARO_PCD_PL5001_PR_V01__1461313195_1758\\copy_fota.sh": "ASCII"}, {"Z:\\wzb\\code\\tool\\pbc-master\\pbc.h": "ASCII"}, {"Z:\\wzb\\code\\tool\\pbc-master\\test\\pbc.c": "ASCII"}, {"Z:\\wzb\\code\\tool\\pbc-master\\build\\o\\bootstrap.d": "ASCII"}, {"Z:\\wzb\\code\\tool\\pbc-master\\build\\o\\alloc.d": "ASCII"}, {"Z:\\wzb\\code\\tool\\pbc-master\\src\\descriptor.pbc.h": "ASCII"}, {"Z:\\wzb\\code\\tool\\pbc-master\\test\\test.c": "ASCII"}, {"Z:\\wzb\\code\\tool\\pbc-master\\src\\rmessage.c": "ASCII"}, {"Z:\\wzb\\code\\tool\\pbc-master\\src\\decode.c": "ASCII"}, {"Z:\\wzb\\code\\tool\\pbc-master\\src\\context.h": "ASCII"}, {"Z:\\wzb\\code\\tool\\pbc-master\\src\\alloc.h": "ASCII"}, {"Z:\\wzb\\code\\tool\\pbc-master\\src\\alloc.c": "ASCII"}, {"Z:\\wzb\\code\\tool\\pbc-master\\test\\addressbook.proto": "ASCII"}, {"Z:\\wzb\\code\\tool\\pbc-master\\test\\addressbook.c": "ASCII"}, {"Z:\\wzb\\code\\tool\\pbc-master\\build\\test.pb": "ASCII"}, {"Z:\\wzb\\code\\tool\\pbc-master\\Makefile": "ASCII"}, {"Z:\\wzb\\code\\mt6735_5.1\\3_mt6735\\mt6735\\alps\\hxbuild.pl": "ASCII"}, {"C:\\Users\\Administrator\\Desktop\\\u4e00\u7ef4\u5c0f\u6ce2\u53d8\u6362\uff0c\u53ef\u591a\u6b21\u5206\u89e3 - lichengyu\u7684\u4e13\u680f - \u535a\u5ba2\u9891\u9053 - CSDN.NET_files\\jquery-1.11.1.min.js": "ASCII"}, {"C:\\Users\\Administrator\\Desktop\\\u4e00\u7ef4\u5c0f\u6ce2\u53d8\u6362\uff0c\u53ef\u591a\u6b21\u5206\u89e3 - lichengyu\u7684\u4e13\u680f - \u535a\u5ba2\u9891\u9053 - CSDN.NET_files\\bdsstyle.css": "UTF-8"}, {"C:\\Users\\Administrator\\Desktop\\\u4e00\u7ef4\u5c0f\u6ce2\u53d8\u6362\uff0c\u53ef\u591a\u6b21\u5206\u89e3 - lichengyu\u7684\u4e13\u680f - \u535a\u5ba2\u9891\u9053 - CSDN.NET_files\\ac.js": "ASCII"}, {"C:\\Users\\Administrator\\Desktop\\data.txt": "ASCII"}, {"Z:\\wzb\\code\\mt6735_5.1\\3_mt6735\\mt6735\\alps\\filelist": "ASCII"}, {"Z:\\wzb\\code\\mt6735_5.1\\3_mt6735\\mt6735\\alps\\cmd": "ASCII"}, {"Z:\\wzb\\code\\mt6735_5.1\\3_mt6735\\mt6735\\alps\\z6735M_65U_V1_FWVGA_NOVATECH.txt": "ASCII"}, {"Z:\\wzb\\code\\mt6735_5.1\\3_mt6735\\mt6735\\alps\\Makefile": "ASCII"}, {"Z:\\wzb\\code\\mt6735_5.1\\3_mt6735\\mt6735\\alps\\mbldenv.sh": "ASCII"}, {"Z:\\wzb\\code\\mt6735_5.1\\3_mt6735\\mt6735\\alps\\hxbuild.mk": "ASCII"}, {"Z:\\wzb\\code\\mt6735_5.1\\3_mt6735\\mt6735\\alps\\build.log": "ASCII"}, {"Z:\\wzb\\code\\tool\\muduo\\muduo\\muduo-master\\muduo\\base\\AsyncLogging.cc": "ASCII"}, {"Z:\\wzb\\code\\tool\\mqtt-c\\src\\Clients.h": "ASCII"}, {"Z:\\wzb\\code\\tool\\whatsapp\\chat-api\\src\\BinTreeNodeWriter.php": "ASCII"}, {"Z:\\wzb\\code\\tool\\test.sh": "ASCII"}, {"Z:\\wzb\\code\\tool\\java.java": "ASCII"}, {"Z:\\wzb\\code\\tool\\hello.c": "ASCII"}, {"C:\\Users\\Administrator\\Desktop\\Sublime Text 3 \u53f3\u952e\u6ce8\u518c.reg": "ASCII"}, {"C:\\Users\\Administrator\\Desktop\\1.reg": "ASCII"}, {"Z:\\wzb\\code\\mt6735_5.1\\3_mt6735\\mt6735\\customfiles\\6735M_65U_V2_FWVGA_PCD_DR\\alps\\packages\\apps\\Launcher3\\res\\xml\\default_workspace_4x4.xml": "ASCII"}, {"Z:\\wzb\\code\\mt6735_5.1\\3_mt6735\\mt6735\\customfiles\\6735M_65U_V2_FWVGA_PCD_PR\\alps\\vendor\\mediatek\\proprietary\\frameworks\\base\\telephony\\etc\\apns-conf.xml": "UTF-8"}, {"Z:\\wzb\\code\\tool\\client.c": "ASCII"}, {"D:\\androiddev\\Sublime Text Build 3103 x64\\Data\\Packages\\User\\Side Bar Folders.sublime-settings": "UTF-8"}, {"Z:\\wzb\\code\\tool\\libemqtt\\libemqtt\\Makefile": "ASCII"}, {"Z:\\wzb\\code\\tool\\libemqtt\\libemqtt\\LICENSE": "ASCII"}, {"Z:\\wzb\\code\\tool\\libemqtt\\libemqtt\\src\\libemqtt.c": "UTF-8"}, {"Z:\\wzb\\code\\tool\\libemqtt\\libemqtt\\.gitignore": "ASCII"}, {"Z:\\wzb\\code\\tool\\libemqtt\\libemqtt\\Android.mk": "ASCII"}, {"Z:\\wzb\\code\\tool\\libemqtt\\libemqtt\\client\\pub.c": "UTF-8"}, {"Z:\\wzb\\code\\tool\\libemqtt\\libemqtt\\client\\sub.c": "UTF-8"}, {"Z:\\wzb\\code\\tool\\libemqtt\\libemqtt\\include\\libemqtt.h": "UTF-8"}, {"Z:\\wzb\\code\\tool\\paho.mqtt.c-master\\Makefile": "ASCII"}, {"\\\\120.24.36.177\\www\\v2\\PhpMQTTClient\\SAM\\MQTT\\sam_mqtt.php": "ASCII"}, {"\\\\120.24.36.177\\www\\v2\\PhpMQTTClient\\SAM\\sam_factory_mqtt.php": "ASCII"}, {"\\\\120.24.36.177\\www\\v2\\PhpMQTTClient\\SAM\\sam_factory_xms.php": "ASCII"}, {"Z:\\wzb\\code\\tool\\paho.mqtt.c-master\\src\\samples\\MQTTAsync_publish.c": "ASCII"}, {"D:\\\u7528\u6237\u76ee\u5f55\\\u4e0b\u8f7d\\MQTT\u5b8c\u6574\u5e94\u7528\\push-MQTT\\AndroidPushNotificationsDemo\\src\\com\\tokudu\\demo\\PushActivity.java": "ASCII"}, {"Z:\\wzb\\code\\tool\\paho.mqtt.c-master\\src\\samples\\MQTTAsync_subscribe.c": "ASCII"}, {"Z:\\wzb\\code\\tool\\whatsapp\\chat-api\\src\\whatsprot.class.php": "ASCII"}, {"D:\\\u7528\u6237\u76ee\u5f55\\\u4e0b\u8f7d\\MQTT\u5b8c\u6574\u5e94\u7528\\push-MQTT\\AndroidPushNotificationsDemo\\src\\com\\tokudu\\demo\\PushService.java": "ASCII"}, {"\\\\120.24.36.177\\www\\v2\\PhpMQTTClient\\SAM\\php_sam.php": "ASCII"}, {"\\\\120.24.36.177\\www\\v2\\PhpMQTTClient\\index.php": "UTF-8"}, {"\\\\120.24.36.177\\www\\v2\\PhpMQTTClient\\send_mqtt.php": "ASCII"}, {"Z:\\wzb\\code\\tool\\whatsapp\\chat-api\\src\\vCard.php": "ASCII"}, {"Z:\\wzb\\code\\tool\\whatsapp\\chat-api\\src\\tokenmap.class.php": "ASCII"}, {"Z:\\wzb\\code\\tool\\whatsapp\\chat-api\\src\\mediauploader.php": "ASCII"}, {"Z:\\wzb\\code\\tool\\whatsapp\\chat-api\\src\\events\\WhatsApiEventsManager.php": "ASCII"}, {"Z:\\wzb\\code\\tool\\whatsapp\\chat-api\\src\\libaxolotl-php\\README.md": "ASCII"}, {"Z:\\wzb\\code\\tool\\whatsapp\\chat-api\\src\\countries.csv": "ASCII"}]